year,pop_var
1952,1238290
1953,1135376
1954,1035879
1955,997262
1956,931279
1957,816105
1958,833630
1959,904690
1960,888854
1961,890619
1962,912425
1963,978829
1964,1072632
1965,1149402
1966,998161
1967,1060945
1968,1291427
1969,1282798
1970,1314762
1971,1372516
1972,1431049
1973,1459066
1974,1420553
1975,1311617
1976,1213225
1977,1136651
1978,1048009
1979,955984
1980,858687
1981,761527
1982,712419
1983,695610
1984,676975
1985,648304
1986,591274
1987,558580
1988,529417
1989,472346
1990,415673
1991,387672
1992,370700
1993,334883
1994,339693
1995,314700
1996,292254
1997,301762
1998,280405
1999,246673
2000,248798
2001,261870
2002,236019
2003,200602
2004,168936
2005,127085
2006,103794
2007,104259
2008,71207
2009,39409
2010,-11611
2011,-98174
2012,-153569
2013,-174764
2014,-202189
2015,-225802
2016,-257076
2017,-331385
2018,-406606
2019,-464189
2020,-546916
2021,-632231
2022,-660838
2023,-657179
2024,-663081